{"949a2ba2-5683-4fc5-a6d9-3ba6233410f7": {"last_seen": 1762022678.655969, "started": 1762022606.021279}, "b6fd29c4-c435-4344-86d7-4b97b0ee42be": {"last_seen": 1762022717.739068, "started": 1762022706.914302}, "1e3407a1-e42d-489b-b9a1-756809f17a08": {"last_seen": 1762022836.140989, "started": 1762022813.754967}}